Workbook

Sheet Overview
B1: Image-Based Air-Quality Estimation: IEEE Literature Taxonomy
B2: 16 IEEE papers (Oct 2023-2026) that estimate air quality from real photos or camera images. Full texts read via IEEE Xplore (OsloMet access), 15 Oct 2026. Built for ACIT 4620.
B4: PAPERS | E4: PUBLIC DATASET | H4: PUBLIC CODE | K4: USE INDIA/NEPAL KAGGLE SET
B5: =COUNTA(Papers!$B$2:$B$200) -> 16 | E5: =COUNTIF(Papers!$O$2:$O$200,"Yes") -> 8 | H5: =COUNTIF(Papers!$F$2:$F$200,"http*") -> 0 | K5: =COUNTIF(Papers!$E$2:$E$200,"*india-and-nepal*") -> 5
B7: By year | E7: By image type | H7: By evidence quality | K7: Evidence quality legend
B8: Year | C8: Papers | E8: Image type | F8: Papers | H8: Quality | I8: Papers | K8: High | L8: Public or multi-site data, held-out / cross-site test, consistent numbers.
B9: 2024 | C9: =COUNTIF(Papers!$K$2:$K$200,B9) -> 5 | E9: Smartphone | F9: =COUNTIF(Papers!$Q$2:$Q$200,E9) -> 7 | H9: High | I9: =COUNTIF(Papers!$N$2:$N$200,H9) -> 2 | K9: Medium | L9: Sound method, but one major caveat (single site, unclear split, sensor-driven).
B10: 2025 | C10: =COUNTIF(Papers!$K$2:$K$200,B10) -> 9 | E10: Fixed camera | F10: =COUNTIF(Papers!$Q$2:$Q$200,E10) -> 5 | H10: Medium | I10: =COUNTIF(Papers!$N$2:$N$200,H10) -> 4 | K10: Low | L10: Several inconsistencies, likely leakage, or private/tiny data.
B11: 2026 | C11: =COUNTIF(Papers!$K$2:$K$200,B11) -> 2 | E11: Drone | F11: =COUNTIF(Papers!$Q$2:$Q$200,E11) -> 1 | H11: Low | I11: =COUNTIF(Papers!$N$2:$N$200,H11) -> 9 | K11: Review | L11: Survey paper, no experiments.
B12: Total | C12: =SUM(C9:C11) -> 16 | E12: Sky photos | F12: =COUNTIF(Papers!$Q$2:$Q$200,E12) -> 1 | H12: Review | I12: =COUNTIF(Papers!$N$2:$N$200,H12) -> 1
E13: Web-scraped | F13: =COUNTIF(Papers!$Q$2:$Q$200,E13) -> 1 | H13: Total | I13: =SUM(I9:I12) -> 16
E14: Review | F14: =COUNTIF(Papers!$Q$2:$Q$200,E14) -> 1
E15: Total | F15: =SUM(F9:F14) -> 16
B18: Recommended starting points
B19: Paper | E19: Why read it
B20: Location Generalizability (WACVW 2025) | E20: Only paper that tests unseen locations: >80% at seen sites drops to <=65% at new ones. Releases the public 147k-image NPS-AQI webcam dataset.
B21: SmartCamAirDetect (IEEE Access 2025) | E21: Few-label fixed cameras: contrastive image pairs + median-background removal; probabilistic output; public Hong Kong data.
B22: Mobile Image-Driven PM2.5 (IEEE Access 2025) | E22: Photos + weather fusion (EfficientNet-B1 + BiLSTM); honest about small single-site data.
B23: Deep Multi-Task Learning (ICCSC 2026) | E23: ResNet50 + physics features (entropy, RMS contrast, dark-channel transmission); joint AQI class + PM2.5 on the India/Nepal set.
B24: SkyFuseNet (IMSA 2026) | E24: Swin + cross-attention image/sensor fusion design. Caution: image-only branch fails (RMSE 158.95); results are sensor-driven.
B27: How to use this workbook
B28: • Papers: one row per paper. Filter with the header arrows; Title and # stay visible while you scroll right. DOI and PDF cells are clickable (PDFs open from the papers/ folder).
B29: • Evidence Quality, Public Data and Image Type have drop-downs. Change them and every count on this page updates.
B30: • Datasets: catalogue of every dataset the papers use, with a live count of how many papers use each one.
B31: • No paper released code. Accuracy figures are copied from each paper and are not comparable across datasets; see Red Flags before citing a number.

Sheet Papers
A1: # | B1: Title | C1: DOI | D1: Authors | E1: Datasets | F1: Code URL | G1: Implementation | H1: Models | I1: Accuracy | J1: Base Model | K1: Year | L1: Core Vision Filter | M1: Useful Text | N1: Evidence Quality | O1: Public Data | P1: Task | Q1: Image Type | R1: Venue | S1: Red Flags | T1: PDF
A2: 1 | B2: Deep Multi-Task Learning for AQI Classification and PM2.5 Estimation from Images | C2: 10.1109/ICCSC71566.2026.11650424 | D2: Doha Akdim; Khadija Marzagui; Toufik Mzili; Hassan Silkan | E2: Air Pollution Image Dataset from India and Nepal (Kaggle): 12,240 ground-level RGB images, multiple cities in India and Nepal; PM2.5, PM10, O3, CO, SO2, NO2 + AQI class; 6 US-EPA PM2.5 classes (Good 1,541; Moderate 1,573; USG 2,863; Unhealthy 2,622; Very Unhealthy 2,194; Severe 1,447). https://www.kaggle.com/datasets/adarshrouniyar/air-pollution-image-dataset-from-india-and-nepal | F2: none found | G2: PyTorch 2.2.2 on MacBook Pro (Apple M-series CPU, 16 GB RAM, no GPU); Adam lr 1e-4, 20 epochs, batch 32, input 224x224; ImageNet ResNet50 fine-tuned end to end; stratified 70/10/20; loss = l1*MSE + l2*class-weighted CE | H2: Physics-guided multi-task network: ResNet50 deep features + 3 physics descriptors via sigmoid attention fusion, PM2.5 regression head + 6-class head; baselines physics-only SVM, ResNet50 only, deep+physics concat (single-task and multi-task); quoted (not re-run) Eff-AQI and AQFusionNet | I2: Test: 6-class acc 95.2%, F1 0.95; regression R² 0.912, MAE 31.47 µg/m³, RMSE 42.63 µg/m³. Baselines: physics-only SVM 61.3%; ResNet50 only 89.7%; concat single-task 91.4%; concat multi-task 93.6% (R² 0.896, MAE 34.2) | J2: ResNet50 (ImageNet) | K2: 2026 | L2: Resize 224x224; ImageNet normalisation; augmentation: horizontal flip, rotation, brightness/contrast; physics descriptors: Shannon entropy of intensity histogram, RMS contrast, dark-channel-prior transmission t(x)=1-w*min(min_c I/A) (w, patch size, A estimation not reported) | M2: "as the model is validated with only one dataset from India and Nepal, its performance has not been tested in other areas with different aerosols and urban characteristics" (Sec. 5.5). Paraphrase: attention fusion of ResNet50 features with entropy/contrast/dark-channel transmission, jointly predicting AQI class and PM2.5; physics features add ~2-4 points over ResNet50 alone. | N2: Medium | O2: Yes | P2: Regression (PM2.5) + 6-class AQI classification | Q2: Smartphone | R2: 2026 International Conference on Circuit, Systems and Communication (ICCSC) | S2: Random image-level split, same sites/hours across splits (near-duplicate leakage risk; test acc equals val acc); class-overlap statement contradicts Table 1; SOTA numbers copied, not re-run; MAE 31.5 wider than several class bins; fusion of 2048-d with 3-d vector unexplained | T2: Open PDF
A3: 2 | B3: SkyFuseNet: A Cross-Attention Swin Transformer-Based Model for PM2.5 Estimation Using Ground-Level Images and Air Quality Readings | C3: 10.1109/IMSA70415.2026.11700341 | D3: Mohamed Saleh Abdelsalam; Gehad Ismail Sayed | E3: India and Nepal Air Pollution Image Dataset (Kaggle, compiled by Utomo et al./Eff-AQI): 12,240 daylight smartphone images, 7 sites in India + 1 in Nepal; labels from CPCB (PM2.5, PM10, O3, CO, SO2, NO2) + time/location metadata; 6 AQI classes. https://www.kaggle.com/datasets/adarshrouniyar/air-pollution-image-dataset-from-india-and-nepal | F3: none found | G3: PyTorch on Kaggle, 1x NVIDIA P100 16GB; AdamW (wd 1e-4), batch 32; 2-stage fine-tune: 10 epochs backbone frozen (lr 1e-3) then 25 epochs last 2 Swin stages unfrozen (lr 1e-4, cosine to 1e-6); early stop patience 7 on val MAE; stratified 70/30 split; ~90 min training; 49.63M params, 8.55 GFLOPs, 169 ms CPU inference | H3: SkyFuseNet (Swin-S + attention-pooling neck + 3-layer MLP sensor encoder + cross-attention fusion + dual regression/classification heads, loss = L_MAE + 0.3*L_CE); baseline Eff-AQI (Utomo et al. 2023); ablations image-only and sensor-only | I3: Test MAE 3.03 µg/m³, RMSE 5.70 µg/m³, R² 0.9981 (also printed as 0.991/0.99), MAPE 3.10%, 6-class AQI acc 91.45%, macro-F1 0.9214; Eff-AQI RMSE 14.62, acc 89.38%; ablation: image-only RMSE 158.95, sensor-only RMSE 6.05 | J3: Swin Transformer Small (Swin-S, ImageNet-22k pretrained) | K3: 2026 | L3: Resize 224x224; ImageNet mean/std normalisation; train-only augmentation: random flip, colour jitter (brightness +/-0.3, contrast +/-0.3, saturation +/-0.2), Gaussian blur sigma 0.1-2.0 to mimic haze; learnable attention pooling over 49 Swin tokens that up-weights sky tokens and suppresses buildings/foreground (implicit sky ROI); sensors z-scored, median imputation | M3: "Current image-based estimation methods mostly rely on CNNs, which only capture local features, without using concurrent sensor data" (Abstract). Paraphrase: first Swin-Transformer + cross-attention fusion of sky photos with station readings, multitask regression+AQI class. Caution: the sensor branch includes PM10 (r=0.83 with the PM2.5 target), and the ablation shows image-only RMSE 158.95 vs sensor-only 6.05, so the result is driven by sensor readings, not the image. | N3: Medium | O3: Yes | P3: Regression (PM2.5) + 6-class AQI classification | Q3: Smartphone | R3: 2026 Intelligent Methods, Systems, and Applications (IMSA) | S3: Sensor input contains PM10 (near-proxy of target); image branch alone fails (RMSE 158.95); random stratified split; R² reported inconsistently (0.9981/0.991/0.99); India/Nepal only | T3: Open PDF
A4: 3 | B4: A Mobile Image-Driven PM2.5 Estimation Framework Using Deep Learning Techniques | C4: 10.1109/ACCESS.2024.3521966 | D4: Anupam Kamble; Somrawee Aramkul; Paskorn Champrasert | E4: (1) CMU dataset (own, not public): one fixed view in Chiang Mai, Thailand, smartphone, Dec 2021-Jun 2022 (haze season), 442 HDR + 442 non-HDR time-series images, PM2.5 2-98.4 µg/m³ from a portable Xiaomi sensor; temperature/wind/humidity from IQAir AirVisual; 80/20 split. (2) DTU subset of VISIONAIR (Delhi, public): 369 images every 5 min over 4 days, PM2.5 24.17-85.7 µg/m³. https://vision-air.github.io/feature.html | F4: none found | G4: Framework not named (PyTorch inferred); Chiang Mai Univ. Erawan HPC (AMD EPYC 7742, NVIDIA HGX A100); ImageNet-pretrained backbone frozen except last layer; Adam lr 0.0005, batch 16; 500 epochs (1000 with weather); BiLSTM 2 layers, hidden 32; inputs 224 (B0/ResNet), 240 (B1), 260 (B2), 300 (B3); images shuffled (removes time order) | H4: EfficientNet-B1-BiLSTM; Met-EfficientNet-B1-BiLSTM (+temperature, wind speed, humidity); Temp-/Hum-/WS- single-feature variants; baselines EfficientNet-B0/B2/B3-BiLSTM, EfficientNet-B1-LSTM, ResNet-18-LSTM/BiLSTM, ResNet-50-LSTM/BiLSTM | I4: CMU shuffled: EffNet-B1-BiLSTM MAE 8.2 µg/m³, SMAPE 31%, r 0.61; Met-EffNet-B1-BiLSTM (HDR) MAE 7.6, SMAPE 29%, r 0.68; unshuffled MAE 14.60, r 0.50. DTU shuffled: MAE 5.3, r 0.91; Met variant MAE 4.06, SMAPE 8.3%, r 0.94 (best). No R²/RMSE reported | J4: EfficientNet-B1 (ImageNet, frozen feature extractor, 7.79M params) + 2-layer BiLSTM | K4: 2025 | L4: Resize to backbone input (240x240 for B1); HDR capture mode on the phone (HDR beat non-HDR); no hand-crafted haze features, no sky ROI, no augmentation reported | M4: "The use of HDR images for feature extraction proved to be a better choice than the regular non-HDR images in estimating the PM2.5 concentration value" (Sec. V). Paraphrase: lightweight frozen EfficientNet-B1 + BiLSTM beats ResNet-LSTM on a small phone-photo dataset; HDR capture and weather inputs give modest gains. Authors admit "a small dataset" (Sec. VI). | N4: Medium | O4: Partial | P4: Regression (PM2.5) | Q4: Smartphone | R4: IEEE Access, vol. 13 (online 24 Dec 2024) | S4: Single site, 442 images; labels from a consumer sensor; good results only after shuffling time order (random split of time series); HDR table r differs between Tables 4 and 5 | T4: Open PDF
A5: 4 | B5: Deep Learning-Based PM2.5 Concentration Estimation Using Convolutional Neural Network on Environmental Image Data | C5: 10.1109/RAIT65068.2025.11089033 | D5: Bhuma Chandra Mohan; Naga Raju Challa; M Lenin Babu; T. Krishna Chaitanya; Ch. V. M. S. N. Pavan Kumar; Sumanth Kumar Panguluri; Naga Pavan Kumar Lingisetty | E5: VISIONAIR (public, https://vision-air.github.io/feature.html), non-HDR, New Delhi: DTU 440, Shadipur 244, ITO 499 images (1,183 total), 1024x1365 JPEG; labels from Pollution Control Board; webcam/smartphone (paper inconsistent) | F5: none found | G5: PyTorch on Google Colab; 125 Hugging Face pretrained models as frozen feature extractors (last pooling layer); 5-fold CV with Ridge to screen backbones; 32 regressors compared; resize + ImageNet normalisation; oversampling (SMOTER, Gaussian noise, WERCS, REBAGG, random over/under) | H5: Frozen pretrained CNN features + KNN regressor + target oversampling (best); best backbones: ITO ResNetV2-50x1-BiT-M-in21k, DTU ResNet50 (torchvision), Shadipur CS3DarkNet-M; 32 sklearn/XGB/LGBM regressors compared | I5: Per site R²: Shadipur 0.960, ITO 0.960, DTU 0.965; MAE ~1.0-1.1, RMSE ~2.1 (units unstated, likely µg/m³); MAPE 2.3-2.9%; KNN on DTU before oversampling R² ~0.91 | J5: Frozen ResNetV2-50x1 BiT-M / ResNet50 / CS3DarkNet-M + KNN regressor | K5: 2025 | L5: Resize + ImageNet mean/std normalisation only; no hand-crafted vision features, sky ROI or augmentation; imbalance handled in label space (SMOTER, WERCS, REBAGG, Gaussian-noise oversampling) | M5: "KNN regressor did well for all three datasets with the above specified pre-trained CNNs" (Sec. VII). Paraphrase: brute-force transfer-learning benchmark (125 backbones x 32 regressors x 6 resamplers) per Delhi site; very high R² on tiny datasets. | N5: Low | O5: Yes | P5: Regression (PM2.5) | Q5: Fixed camera | R5: 2025 6th International Conference on Recent Advances in Information Technology (RAIT) | S5: 244-499 images per site; oversampling possibly before CV split (leakage); model selection on same CV with no held-out test; near-duplicate same-scene frames across folds; R² >0.91 (abstract) vs >0.95 (conclusion); impossible values in Table I (>1) | T5: Open PDF
A6: 5 | B6: Enhancing PM2.5 Detection via Multispectral Image-Based Double-Channel Ensemble Learning for Drones | C6: 10.1109/JSEN.2025.3585177 | D6: Chao-Yang Lee; Lebaku Moses Manova | E6: Own UAV dataset (available on request): 23,100 images, DJI Phantom 4 Multispectral at ~100 m, Yunlin, Taiwan, Dec 2021-Nov 2024; bands NIR 850, red-edge 750, R 650, G 560, B 450 nm + RGB; labels PM2.5 from nearby monitoring stations; 3 levels (0-12, 12.1-35.4, >35.4 µg/m³); sunny/partly cloudy capture | F6: none found | G6: Framework/training hardware not reported; inference on NVIDIA Xavier NX; inputs RGB 256x256x3 + stacked R,B,NIR,RE 256x256x4; 3 conv blocks per channel (32/64/128 filters) + 1x1-conv attention mask + GWAP; 1.57M params; converges ~142 epochs; split not reported | H6: DCEL-PM2.5 (dual-channel CNN + attention + GWAP, weighted-average ensemble); baselines VGG16, ResNet50, DenseNet121, Xception, DCWCN, ViT-Net 8-head, ConvLSTM, BiConvLSTM, CR-LSTM, Deep-AIR, Halation-based, ViT, Swin; ablations no-attention, GAP, single-channel, no-BN, RGB-only, +green | I6: 3-level accuracy 99.60% (RGB+NIR+RE+B+R), F1 0.85; RGB-only 95.13%; Swin 94.73%, ViT 92.85%, ResNet50 88.90%; regression R² 0.986; 2.9 FPS on Xavier NX | J6: Custom lightweight dual-channel CNN (no pretrained backbone) | K6: 2025 | L6: Resize 256x256; drop green band (vegetation); stack R, B, NIR, red-edge as 4-channel input; learned 1x1-conv sigmoid attention mask; BatchNorm; global weighted average pooling; no hand-crafted haze features, no augmentation | M6: "RGB images captured by drones often struggle to distinguish between PM2.5 and clouds or fog in the sky" (Abstract). Paraphrase: near-infrared and red-edge bands from a multispectral drone camera separate haze from cloud/fog better than RGB (95.1% -> 99.6% on 3 PM2.5 levels). | N6: Low | O6: No | P6: Classification (3 PM2.5 levels) + regression | Q6: Drone | R6: IEEE Sensors Journal, vol. 25, no. 17, pp. 33528-33539 | S6: Train/test split not reported on sequential imagery (near-duplicate leakage risk); one county, private data; many inconsistencies (F1 0.82 vs 0.85, FPS, inference time 0.0775 vs 0.340 s, weather results vs capture protocol); 99.6% accuracy with recall 0.81 | T6: Open PDF
A7: 6 | B7: Forecasting and Visualizing Air Quality from Sky Images with Vision-Language Models | C7: 10.1109/ICCVW69036.2025.00288 | D7: Mohammad Saleh Vahdatpour; Maryam Eyvazi; Yanqing Zhang | E7: Own curated sky-image dataset (not public, unnamed): ~5,000 images from >10 unnamed urban regions; paired with PM2.5, PM10, O3, CO, NO2 from unnamed government agencies; 5 EPA AQI classes; 70/15/15 stratified | F7: none found (arXiv 2509.15076) | G7: Framework/hardware/optimizer/epochs not reported; sky region resized to 200x200; best CNN C(6)(5)-S(2)-C(6)(5)-S(2)-C(10)(5); BLIP-2 prompt-conditioned diffusion generator; 12-person user study | H7: Gabor-moment features + Random Forest; 3 shallow CNN variants; KNN (k=3, k=5); BLIP-2-guided diffusion for counterfactual pollution images | I7: 5-class AQI: best CNN acc 89.4%, macro-F1 88.1%; RF (Gabor) 85.2/83.6; KNN 82.5/79.2 and 79.0/76.9; generated images re-classified 89.6%; SSIM 0.823, FID 18.6; interpretability 4.3/5 vs 3.5/5 text-only | J7: Custom shallow 3-conv CNN; Random Forest on Gabor statistics; BLIP-2 + unnamed diffusion model | K7: 2025 | L7: Semantic segmentation mask keeps only sky pixels (removes buildings/trees/horizon); resize 200x200; multi-orientation Gabor filter bank with first 4 moments (mean, variance, skewness, kurtosis) per response; high-variance feature selection; minority-class augmentation (flip, contrast normalisation, Gaussian blur, +/-10 deg rotation) | M7: "A VLM layer (specifically, BLIP-2) acts as a semantic controller, where carefully engineered prompts condition the generative module to produce visually coherent and semantically aligned sky scenes that match target pollution levels" (Sec. 1). Paraphrase: sky-only AQI classification plus generative visualisation for public communication. Despite the title there is no temporal forecasting. | N7: Low | O7: No | P7: Classification (5 AQI classes) + image generation | Q7: Sky photos | R7: 2025 IEEE/CVF International Conference on Computer Vision Workshops (ICCVW) | S7: No temporal forecasting despite title; private dataset with unnamed locations; no cross-location test; RF called final predictor but CNN scores best; user study described as both done and future work | T7: Open PDF
A8: 7 | B8: Image Based Air Quality Level Assessment Using MobileNet And ResNet152V2 | C8: 10.1109/ICAAID68975.2025.11358145 | D8: Prathik Kumaar B; A. Deepak | E8: Air Pollution Image Dataset from India and Nepal (Kaggle, doi 10.34740/KAGGLE/DS/3152196): 12,240 images at 224x224; 5 classes used (USG dropped without explanation); test set of 706 images implies an undisclosed balanced subset. https://www.kaggle.com/datasets/adarshrouniyar/air-pollution-image-dataset-from-india-and-nepal | F8: none found | G8: Python + Keras Applications; Ryzen 5 CPU, 8 GB RAM, 4 GB GPU; Adam lr 0.001, 50 epochs, batch 32, input 224x224; ImageNet init + fine-tune; 50% dropout; 7:2:1 split; 10 repeated runs, Levene + t-test in SPSS | H8: MobileNetV2 vs ResNet152V2 (literature numbers quoted, not re-run) | I8: Best run: MobileNetV2 acc 85%, P 88, R 85, F1 84; ResNet152V2 acc 79%; 10-run mean 83.65% vs 78.79% (t=16.85, p<0.001); MobileNetV2 recall on 'Good' only 64/140 | J8: MobileNetV2 (best); ResNet152V2 (both ImageNet) | K8: 2025 | L8: Resize 224x224 only; no augmentation, normalisation or hand-crafted features reported | M8: "MobileNetV2 achieved an accuracy of 85%, surpassing ResNet152V2's 79%" (Sec. IV). Paraphrase: a lightweight MobileNetV2 beats a much deeper ResNet152V2 by ~5 points (significant over 10 runs) and trains about twice as fast - supports using small backbones on this dataset. | N8: Low | O8: Yes | P8: Classification (5 AQI classes) | Q8: Smartphone | R8: 2025 5th International Conference on Applied Automation and Industrial Diagnostics (ICAAID) | S8: Validation accuracy curve ~0.60-0.67 contradicts 85% test; undisclosed 706-image test subset; 5 vs 6 classes; effect sizes outside their own CIs; copy-paste residue about coral health; comparisons to other datasets | T8: Open PDF
A9: 8 | B9: Image-based Air Pollution Estimation using Deep Learning | C9: 10.1109/ICCCA66364.2025.11325373 | D9: Kashish Verma; Girisha Sahdev; Muskan Joshi; Ishika; Priyanka Behera | E9: Air Pollution Image Dataset from India and Nepal (Kaggle, named in Fig. 2, no citation): 12,240 photos, Feb-Mar 2023, 8 sites (ITO Delhi, Dimapur, Spice Garden Bengaluru, Knowledge Park III, New Indian Town Faridabad, Borivali East Mumbai, Oragadam, Biratnagar Nepal); 6 AQI classes (0-50 ... 301-500). https://www.kaggle.com/datasets/adarshrouniyar/air-pollution-image-dataset-from-india-and-nepal | F9: none found | G9: Keras/TensorFlow, Python; Adam (CE loss); 50 epochs, batch 8; CNN input 112x112x3; class weights; split ratio/method not reported; hardware not reported | H9: Custom CNN from scratch (Conv2D+BN+ReLU, SeparableConv2D, MaxPool, Dense+Dropout, softmax) vs HOG features + 1-layer LSTM; literature numbers quoted, not re-run | I9: 6-class test acc: CNN 96.49% (F1 0.9666, AUC 0.9991); HOG+LSTM 85.87% (train 99.25%, F1 0.8585) | J9: Custom CNN (no pretraining); HOG + LSTM | K9: 2025 | L9: Resize 112x112; ImageDataGenerator augmentation (zoom, flip, shear); one-vs-all class balancing + class weights; grayscale + HOG features for the LSTM branch | M9: "These algorithms gave high testing accuracies of 96.49% and 85.87%, respectively" (Abstract). Paraphrase: a small from-scratch CNN far outperforms HOG+LSTM on the India/Nepal set; the 96.5% is well above what other papers report on the same data (79-95%), so treat with caution. | N9: Low | O9: Yes | P9: Classification (6 AQI classes) | Q9: Smartphone | R9: 2025 IEEE 7th International Conference on Computing, Communication and Automation (ICCCA) | S9: Balancing/augmentation shown before the data split (leakage); split never stated; sensitivity != recall in same table; LSTM F1 inconsistent with P/R; claims to beat ML models that were never evaluated | T9: Open PDF
A10: 9 | B10: Location Generalizability of Image-Based Air Quality Models | C10: 10.1109/WACVW65960.2025.00131 | D10: Eleanor Byler; Christian Svinth; Kirsten Chojnicki | E10: (1) NPS-AQI (public, PNNL DataHub https://data.pnnl.gov/group/nodes/dataset/33967, DOI 10.25584/2468701): ~146.8k webcam images (1600x1200, every 15 min) from 17 sites in 15 US national parks, 2016-2023; AQI from NPS GPMP O3 (SO2 at Hawai'i Volcanoes); 4 EPA classes used (N=140,560). (2) Volcanic Plume SO2: 2,102 Flickr images of 16 volcanoes, SO2 mass from the Multi-Satellite Volcanic SO2 L4 database, 3 classes | F10: none found | G10: Framework not reported; 1x V100; SGD lr 1e-2, momentum 0.9, wd 1e-4, batch 128, ~160-180 epochs, reduce-on-plateau; input 224x224; regression with Huber loss on min-max AQI; 70/15/15 stratified; leave-one-park-out (ACAD/SEKI/YOSE); class-balanced sampling | H10: ResNet101 baseline; ResNet101 + GeoCLIP location embedding; ResNet101 + SatCLIP location embedding (frozen, concatenated); regression versions of all three | I10: AQI 4-class acc seen sites: baseline 80.3%, +GeoCLIP 82.1%, +SatCLIP 84.5%; unseen parks mean: baseline 49.8% (65.6/53.9/30.0), SatCLIP 60.6%; 'Unhealthy' class 0% at unseen sites. AQI regression MAE seen 17.8 (baseline) / 14.1 (GeoCLIP). SO2 3-class: seen 82.0% baseline; unseen volcanoes 25.4% baseline vs 47.0% SatCLIP | J10: ResNet101 (ImageNet) + frozen SatCLIP (ResNet18, L=10) or GeoCLIP location encoders | K10: 2025 | L10: Daylight-only images; random horizontal flip; random square crop >=25% area; resize 224; colour jitter p=0.3 (+/-40%) - jitter at p=1.0 hurt because colour carries the physical signal; undersampling of clean days; no hand-crafted haze features or sky masking | M10: "The best performing models achieve >80% accuracy when evaluating unseen imagery at sites seen during training, but we find significant drops in performance when evaluating imagery from unseen sites, at best 65%" (Abstract). Also: "color changes in the image reflect meaningful physical processes (e.g., reddening due to particulate scattering)" (Sec. 4.4). Paraphrase: image AQ models largely memorise site-specific cues; location embeddings (SatCLIP) partly help. Key reference for cross-location evaluation design. | N10: High | O10: Yes | P10: Classification (AQI 4 classes, SO2 3 classes) + regression (AQI) | Q10: Fixed camera | R10: 2025 IEEE/CVF Winter Conference on Applications of Computer Vision Workshops (WACVW), CV4EO | S10: AQI labels are O3-based, not PM; text says geolocation 'always improves' but GeoCLIP is below baseline on 2 parks; contribution list quotes GeoCLIP MAE as headline | T10: Open PDF
A11: 10 | B11: Roadside Tree Image-Based Air Quality Estimation of Gurugram City, Haryana, India | C11: 10.1109/ICCSAI64074.2025.11064176 | D11: Neelam Yadav; Sunil K Singh; Dinesh Sharma | E11: IAQID - Image Air Quality Index Database (own, no public link): 1,095 smartphone photos of roadside trees at 3 Gurugram sites (high/medium/low traffic), one photo per day per site, 1 Jan-31 Dec 2024; AQI labels from nearest CPCB monitoring station; 3 AQI classes | F11: none found | G11: LIBSVM classifier; 50/50 random train/test split per class; framework/hardware not reported | H11: SVM (LIBSVM) on individual hand-crafted features: HOG, LBP, SIFT, RGB histogram, entropy, contrast, extinction coefficient (also transmission and sky colour described) | I11: 3-class accuracy: extinction coefficient 0.68 (best), contrast 0.55, entropy 0.43, RGB histogram 0.29, HOG 0.17, LBP 0.16, SIFT 0.09 | J11: SVM (no deep model) | K11: 2025 | L11: Medium transmission via dark-channel scene model; extinction coefficient (visibility estimation); RMS contrast; sky colour (sky-region detection + LAB colour components); HOG; LBP; SIFT; RGB histogram; entropy | M11: "meteorological features perform better than conventional hand-crafted picture features... The extinction coefficient has a substantial association with particulate matter concentration" (Sec. VIII). Paraphrase: physics-motivated haze features (extinction coefficient, contrast) beat generic descriptors (HOG/LBP/SIFT) on roadside-tree photos, but absolute accuracy is low (68%). | N11: Low | O11: No | P11: Classification (3 AQI classes) | Q11: Smartphone | R11: 2025 3rd International Conference on Communication, Security, and Artificial Intelligence (ICCSAI) | S11: Several features below 3-class chance (SIFT 0.09, LBP 0.16, HOG 0.17); method citations point to unrelated papers (e.g., transmission cites a healthcare-privacy paper); random 50/50 split of daily same-scene photos; dataset not released | T11: Open PDF
A12: 11 | B12: SmartCamAirDetect: A Contrastive Approach for Probabilistic Ambient Air Pollution Estimation With Limited Images for Smart City Development | C12: 10.1109/ACCESS.2025.3583794 | D12: Yang Han; Victor O. K. Li; Jacqueline C. K. Lam; Shiguang Song; Tingyu Mo | E12: Hong Kong Transport Department traffic snapshot images (public, https://data.gov.hk/en-data/dataset/hk-td-tis_2-traffic-snapshot-images) paired with hourly HK EPD station readings (PM2.5, PM10, NO2, O3; https://www.aqhi.gov.hk); 10 cameras within 500 m of a station; 1 Jun 2021-1 Jan 2022; target-camera training sets of 3000/1000/500/200/100/50 images | F12: none found (acknowledgment mentions source code, no link) | G12: Framework/hardware not reported; Adam, MSE loss, batch 32, 200 epochs, lr 5e-5; images 112x112; time window 25 frames; probabilistic output by comparing each target image with 1000 random labelled support-camera images | H12: SmartCamAirDetect / ContraEst (ResNet18 extractor + scenery-eliminator MLP + difference-estimator MLP); baselines RN18-MLP, VGG16-MLP, RN50-MLP, RN18-ViT, RN18-GRU, RN18-LSTM, RN50-SimSiam; ResNet18 deterministic baseline; ablation with/without scenery | I12: vs ResNet18 (avg over pollutants and training sizes): MAE -11.61%, SMAPE -14.20%, r +50.97%; scenery adds PBL -5.38%, Winkler -5.81%. PM2.5 (from Fig. 5): ~7.6 vs ~8.4 µg/m³ MAE at 3000 images, ~9.8 vs ~12.2 at 50 images; PM2.5 pinball loss 3.51->3.40 (3000) and 4.92->4.35 (50). Backbone table PM2.5 MAE: RN18-LSTM 7.90 best. Wilcoxon p<0.05 | J12: ResNet18 (pretrained) shared extractor + 2 MLPs (contrastive image pairs) | K12: 2025 | L12: Scenery synthesis: per-pixel, per-RGB-channel median over many unlabelled frames of each fixed camera (median background) to remove cars/people/lighting; learned scenery-elimination MLP; resize 112x112; no dark channel, sky crop or augmentation | M12: "The contrastive approach can effectively learn robust representations by focusing on the differences in pollution levels between image pairs rather than absolute pollution levels, avoiding overfitting due to the limited sample size" (Sec. I). Paraphrase: predicts pollution differences between image pairs and subtracts a median background so label-poor cameras can borrow from well-labelled ones; gives uncertainty, not just a point estimate. Limitation: "assumes that the background scenery captured by stationary cameras remains relatively stable" (Sec. VII). | N12: High | O12: Yes | P12: Probabilistic regression (PM2.5, PM10, NO2, O3) | Q12: Fixed camera | R12: IEEE Access, vol. 13, pp. 121073-121085 | S12: Absolute PM2.5 numbers only in a chart; no Bayesian/ensemble probabilistic baselines; O3 not significant at <=200 images; fixed cameras only | T12: Open PDF
A13: 12 | B13: A Review on Image Quality Assessment for Air Quality Index Estimation | C13: 10.1109/WINCOM62286.2024.10656531 | D13: Khadija Marzagui; Abdellatif Dahmouni; Abdelkaher Ait Abdelouahad; Ahmed Drissi El Maliani | E13: Surveyed: Zhan et al. haze DB (287 imgs, Hefei, MOS + met/AQ data); Yang et al. (87 smartphone imgs, China); AQID (750 imgs, Beijing, used by PPPC - 'most popular'); AQPDBJUT (1,500 imgs, Beijing); AQPDCITY (1,500 imgs, Beijing); Nilesh et al. (5,048 traffic imgs, Hyderabad); RHID-AQI (301 imgs, China) | F13: n/a (review) | G13: n/a (review, no experiments) | H13: Surveyed: MIFF (entropy/colour/depth + SVR); Wang et al. GBDT with transmission/Gabor/LBP/humidity; AQE-Net (ResNet18 + self-context attention); Ma et al. CNN + SVR + depth; Zhan no-reference IQA; Yang & Chen dark-channel transmission + humidity regression; Gu et al. PPPC; Yue et al. gradient similarity + Weibull saturation; Xia IQA-feature fusion (NIQMC, BIQME, FISH, ARISM, NIQE, ASIQE, PPPC, GSWD); Sun et al. hue/saturation/colourfulness/NSS; Nilesh YOLOv5 vehicle count + BRISQUE + weather; Chu fastDBCP dark/bright channel ratio | I13: Quoted from others (not comparable): Zhan SROCC 0.90; Yang R 0.92, MAE 5.72; PPPC on AQID LCC 0.808, RMSE 51.88; Yue SRCC 0.782; Xia RMSE 40.2 (AQPDBJUT) / 91.2 (AQPDCITY); Sun SRCC 0.818; Nilesh RF acc 0.82; fastDBCP PCC 0.91 | J13: n/a (review) | K13: 2024 | L13: Surveyed: dark-channel transmission map; dark/bright channel ratio; entropy and NSS naturalness; gradient similarity; saturation-map Weibull statistics; hue, saturation, colourfulness, contrast; Gabor and LBP texture; ROI; depth; blur scores; IQA metrics BRISQUE, NIQE, NIQMC, BIQME, FISH, ARISM, ASIQE, GSWD, CEIQ, SSIM, PSNR | M13: "the lack of diversity in training data can lead to models that do not generalize well to different conditions and contexts" (Sec. III.C). Paraphrase: frames image-based AQI estimation as an image-quality-assessment problem and catalogues hand-crafted IQA/NSS features, mostly evaluated on small Beijing datasets. Good source for the hand-crafted-feature baseline list. | N13: Review | O13: n/a | P13: Review (image quality assessment for AQI) | Q13: Review | R13: 2024 11th International Conference on Wireless Networks and Mobile Communications (WINCOM) | S13: Table I says 6 AQI categories but lists 5; years in text differ from Table III; dataset attribution for Nilesh/RHID-AQI contradictory; correlations and RMSE both called 'precision' | T13: Open PDF
... A17: 16 | B17: Integrating Deep Learning Features Extraction and Image Processing for Visual Pattern Analysis in Air Quality Index (AQI) Classification | C17: 10.1109/SCOReD64708.2024.10872648 | D17: Umi Najiah Ahmad Razimi; Azliza Mohd Ali; Rozianawaty Osman | E17: India/Nepal image set (12,240 daytime images; cited via Eff-AQI, Utomo et al. 2023): 8 named sites (ITO Delhi, Dimapur, Spice Garden Bengaluru, Knowledge Park III Greater Noida, New Ind Town Faridabad, Borivali East Mumbai, Oragadam, Biratnagar Nepal); labels from image metadata (AQI + pollutants); 6 classes. Same as https://www.kaggle.com/datasets/adarshrouniyar/air-pollution-image-dataset-from-india-and-nepal | F17: none found | G17: Keras (implied by ImageDataGenerator/preprocess_input), Python; Adam lr 1e-4, L2 0.01, batch 16, up to 300 epochs with early stopping; input 224x224; VGG16 frozen, features cached; 80/20 train/val, no separate test set | H17: Model 2 (hybrid): VGG16 features (25,088-d) + LBP histogram (26-d) + mean RGB (3-d), each through dense branches, then FC classifier; Model 1 baseline: VGG16 features only | I17: 6-class validation accuracy: Model 2 0.93 vs Model 1 0.90; Model 2 per-class F1 0.90-0.94 | J17: VGG16 (ImageNet, frozen) | K17: 2024 | L17: Resize 224x224; rescale 1/255 plus VGG preprocess_input; augmentation for minority classes (rotation 30 deg, width/height shift 0.3, shear 0.2, zoom 0.3, horizontal flip, brightness 0.8-1.2); grayscale LBP texture histogram (26 bins); mean R, G, B colour; t-SNE for visualisation | M17: "The overall accuracy results show that model 2 shows an increase of 3% compared to model 1" (Sec. IV.A). Paraphrase: cheap LBP texture and mean-colour features added to frozen VGG16 features raise 6-class accuracy from 90% to 93%; mean image brightness falls as AQI class rises. | N17: Low | O17: Yes | P17: Classification (6 AQI classes) | Q17: Smartphone | R17: 2024 IEEE 22nd Student Conference on Research and Development (SCOReD) | S17: No held-out test set (val used for early stopping and reporting); split method not described for fixed-site near-duplicates; double normalisation (/255 then preprocess_input); '15 locations' vs 8 listed; text vs Fig. 4 mismatch | T17: Open PDF

Sheet Datasets
A1: Dataset | B1: Images | C1: Location | D1: Period | E1: Capture Device | F1: Labels | G1: Public? | H1: Link | I1: Match Key | J1: # IEEE Papers Using
A2: Air Pollution Image Dataset from India and Nepal (Kaggle) | B2: 12,240 | C2: 7 sites in India + 1 in Nepal | D2: Feb-Mar 2023 | E2: Smartphone (ground level, daylight) | F2: CPCB station values (PM2.5, PM10, O3, CO, SO2, NO2) + 6 AQI classes | G2: Yes | H2: Open | I2: india-and-nepal | J2: =COUNTIF(Papers!$E$2:$E$200,"*"&I2&"*") -> 5
A3: NPS-AQI (National Parks AQI) | B3: ~146,800 | C3: 17 sites in 15 US national parks | D3: 2016-2023 | E3: Fixed park webcams, every 15 min | F3: AQI from NPS ozone monitors (SO2 at Hawai'i Volcanoes) | G3: Yes | H3: Open | I3: NPS-AQI | J3: =COUNTIF(Papers!$E$2:$E$200,"*"&I3&"*") -> 1
A4: VISIONAIR (Delhi: DTU, ITO, Shadipur) | B4: ~1,180 (DTU 369-440, ITO 499, Shadipur 244) | C4: New Delhi, India | D4: not reported | E4: Webcam / smartphone | F4: PM2.5 from pollution control board stations | G4: Yes | H4: Open | I4: VISIONAIR | J4: =COUNTIF(Papers!$E$2:$E$200,"*"&I4&"*") -> 2
A5: Hong Kong traffic snapshots + EPD stations | B5: 10 cameras (thousands of frames) | C5: Hong Kong | D5: Jun 2021-Jan 2022 (as used) | E5: Fixed traffic cameras | F5: Hourly EPD PM2.5, PM10, NO2, O3 | G5: Yes | H5: Open | I5: data.gov.hk | J5: =COUNTIF(Papers!$E$2:$E$200,"*"&I5&"*") -> 1
A6: PM25Vision (not used by these IEEE papers) | B6: 11,114 | C6: 3,261 WAQI stations worldwide | D6: 2014-2025 | E6: Street-level photos (Mapillary) | F6: WAQI PM2.5 AQI | G6: Yes | H6: Open | I6: PM25Vision | J6: =COUNTIF(Papers!$E$2:$E$200,"*"&I6&"*") -> 0
A7: Volcanic Plume SO2 (Svinth et al.) | B7: 2,102 | C7: 16 volcanoes (mostly Eyjafjallajökull, Etna) | D7: not reported | E7: Flickr ground/aerial photos | F7: Satellite SO2 mass, 3 classes | G7: Not stated | H7: - | I7: Volcanic | J7: =COUNTIF(Papers!$E$2:$E$200,"*"&I7&"*") -> 1
A8: Shanghai image set (Liu et al. 2016, PLoS ONE) | B8: 1,882 | C8: Shanghai, China | D8: not reported | E8: Fixed camera | F8: PM2.5 | G8: Not verified | H8: - | I8: Shanghai | J8: =COUNTIF(Papers!$E$2:$E$200,"*"&I8&"*") -> 1
A9: ISI Kolkata CCTV set | B9: ~4,500 | C9: Kolkata, India (6 views) | D9: Jun 2021-Jan 2023 | E9: Fixed PTZ CCTV camera | F9: Quarter-hourly CPCB PM2.5 | G9: No | H9: - | I9: ISI Kolkata | J9: =COUNTIF(Papers!$E$2:$E$200,"*"&I9&"*") -> 1
A10: CMU Chiang Mai phone set | B10: 442 HDR + 442 non-HDR | C10: Chiang Mai, Thailand (1 view) | D10: Dec 2021-Jun 2022 | E10: Smartphone | F10: Portable Xiaomi PM2.5 sensor | G10: No | H10: - | I10: CMU dataset | J10: =COUNTIF(Papers!$E$2:$E$200,"*"&I10&"*") -> 1
A11: Yunlin UAV multispectral set | B11: 23,100 | C11: Yunlin, Taiwan | D11: Dec 2021-Nov 2024 | E11: DJI Phantom 4 Multispectral drone | F11: Station PM2.5, 3 levels | G11: On request | H11: - | I11: UAV dataset | J11: =COUNTIF(Papers!$E$2:$E$200,"*"&I11&"*") -> 1
A12: IAQID (Image Air Quality Index Database) | B12: 1,095 | C12: Gurugram, India (3 sites) | D12: Jan-Dec 2024 | E12: Smartphone (roadside trees) | F12: CPCB AQI, 3 classes | G12: No | H12: - | I12: IAQID | J12: =COUNTIF(Papers!$E$2:$E$200,"*"&I12&"*") -> 1
A13: Station-camera set (unnamed city) | B13: 2,622 | C13: China (1 station) | D13: Jul 2018-Feb 2023 | E13: Fixed station camera | F13: Station AQI class, 6 classes | G13: No | H13: - | I13: city monitoring station | J13: =COUNTIF(Papers!$E$2:$E$200,"*"&I13&"*") -> 1
... A15: Beijing web-scraped set | B15: 591 or 900 (inconsistent) | C15: Beijing, China | D15: 2013-2023 | E15: Web-scraped tourist photos | F15: US Embassy PM2.5, 3 classes | G15: No | H15: - | I15: tour-beijing | J15: =COUNTIF(Papers!$E$2:$E$200,"*"&I15&"*") -> 1
A17: Counts in column J are live formulas over the Papers sheet. PM25Vision is included for reference (your candidate dataset); no IEEE paper in this list uses it yet.
